{
  "current-scene": "b59e0761-ea04-4a78-b7c0-1672219c7f18",
  "camera-infos": {
    "b59e0761-ea04-4a78-b7c0-1672219c7f18": {
      "position": {
        "x": 314.1291484086383,
        "y": 396.1316468235269,
        "z": 1551.7959106263365
      },
      "rotation": {
        "w": 1,
        "x": 0,
        "y": 0,
        "z": 0
      },
      "viewCenter": {
        "x": 314.1291484086383,
        "y": 396.1316468235269,
        "z": -71.63279071622287
      }
    },
    "f46876e4-e81b-4931-b493-6d367be385e7": {
      "position": {
        "x": 50,
        "y": 50,
        "z": 50
      },
      "rotation": {
        "w": 0.8804762392171493,
        "x": -0.27984814233312133,
        "y": 0.3647051996310009,
        "z": 0.11591689595929514
      },
      "viewCenter": {
        "x": 0,
        "y": 0,
        "z": 0
      }
    }
  },
  "camera-uuids": [
    "f46876e4-e81b-4931-b493-6d367be385e7",
    "b59e0761-ea04-4a78-b7c0-1672219c7f18"
  ],
  "gizmos-infos": {
    "iconGizmoSize": 2,
    "isGridVisible": true,
    "isIconGizmo3D": false
  }
}
